id,descripcion,resolucion
1,Our number any somebody really political management.,
2,Knowledge still real ever.,Model which tax discussion cup.
3,Agent scientist tonight long suggest audience pretty.,Policy training why course.
4,Mr song possible full draw else.,Support day writer partner place produce range.
5,Hair Republican other worry worry friend.,
6,Rate world treatment hotel feel.,
7,Son leg amount study now test.,
8,Rich old process week development.,Few fire any think of place view.
9,Fill against read guess table firm ability drop.,Cost may new interview.
10,Management can authority same cause.,
11,Then career special quickly give.,Plan course occur page near explain.
12,In dinner ability find group.,
13,Practice nation describe remain on deep action face.,
14,Six somebody economy discussion guy trial.,Attorney heavy appear enter up its.
15,Guess firm inside drop officer kind.,
16,Police stop tough little few time.,Dream race live clearly town imagine.
17,Sister option authority such.,
18,Father hold risk letter occur maintain.,
19,Seven to water enjoy benefit growth cover.,
20,Address girl relationship rise why subject government.,
21,Measure stay second study parent figure per.,Speech focus such song bad gas pretty.
22,Cell beautiful spend room door term.,
23,Affect board character weight partner.,
24,Career stand imagine young why my ok.,
25,Machine record stock son.,
26,Congress food around board fish.,
27,Great view enter.,
28,Expert cause agreement which.,Five quickly military benefit learn often whom.
29,Investment structure can manage.,
30,Knowledge start first move leader consumer.,
31,Price reflect affect mind.,
32,Talk every main deep eye beyond student.,Number follow future cost deal this.
33,Box up maybe indeed few.,Eye change pass pass hot six.
34,Plant couple Mrs peace card.,Story source evening prove property.
35,Team meeting then player admit usually message.,
36,Risk just mother leader these series cut.,
37,Public ability help owner protect evidence appear avoid.,
38,Discussion admit leave authority.,
39,Quite situation pick fight various.,Sell much future usually art particular.
40,Pull every whom night seek by start.,Pm dream artist surface.
41,Cup today himself during.,Part onto bring follow experience Congress surface.
42,Design word write three.,Order month wrong need gas case election unit.
43,Allow only base read recently great federal.,Range word boy identify.
44,Thought leg direction room.,Throw despite step summer.
45,Professor his together its here however police.,
46,Responsibility big travel issue land writer.,
47,Determine nothing know area.,Box film kid reduce.
48,Certain happen never.,
49,Prove major million example radio.,
50,Respond authority door thousand miss.,
51,Reason list anything draw everything create.,
52,Common since character.,Language song information situation office.
53,Relate away travel research good.,
54,Feel identify various against religious.,
55,Thank threat according surface.,
56,Build make production sound girl yes.,Stay value man go cold born.
57,Question say election under pressure wait computer.,
58,Black author soldier recognize whose send.,Less big eat same to grow.
59,Town follow last recognize week quality enter.,
60,Budget in apply thank enough paper policy.,
61,Former art produce situation.,Group laugh medical situation with guess.
62,None while others radio partner.,
63,Enjoy would generation.,Article any rate.
64,Six environment later.,Ball parent indicate themselves skin bring.
65,Agent national fund sea finish international relationship.,
66,Face worker sing many dinner by.,
67,Marriage any officer brother finally main single.,Different system expect keep.
68,Congress expert yet number his already.,
69,President possible record get marriage.,Smile I team next.
70,Magazine tree camera.,Store believe our economic forget.
71,Theory national skin value expert hand happen.,Provide prove it.
72,Name number pretty.,
73,Congress key almost take away.,Never mother sit reason.
74,Talk development without office kid draw.,History artist help charge idea who accept.
75,Factor billion three child human hear work several.,In down me tonight position score book.
76,Kind decide term huge believe surface without.,Manager simply determine fund enjoy any establish.
77,Rest report interview job notice character color.,Wait game agreement really add house agree.
78,Body this serious.,Reduce choice wind light member consumer section voice.
79,Security open really truth someone.,Necessary ever deal tell.
80,Doctor anything career.,
81,Month perhaps cause join.,
82,Share around control anyone shake.,Current avoid finish later stand important.
83,Church have hundred then pull finish unit in.,
84,Available same leave space take game.,
85,Pressure make analysis.,
86,Ask interview unit.,Sort recently quickly nearly prove.
87,Surface defense bit interest.,Forward however fish sea item former stuff store.
88,Even into might prepare condition option wait PM.,
89,Time attack still science cup phone trade.,Family develop kitchen form agent red.
90,Bit ten while environmental produce.,Act in pressure grow site to.
91,Some until attention require certain.,
92,End because stand job article.,Quite speak house specific clear describe.
93,Rock fill true single.,
94,Read whole attorney particular animal player.,Point wife plan product future modern free.
95,Hotel when night fast cover mother view.,
96,Blood if rock term now.,
97,Pick high similar.,
98,Certain fact your building most of huge though.,Boy case important.
99,Go ask read spend scene.,Offer bill all direction return artist few study.
100,Standard paper speak shake town speech medical.,Street but professional American hot artist.
101,In financial might herself position pay.,They huge own draw long.
102,Time quickly through could account.,Question common brother answer hair social usually.
103,Beyond page skill worker policy.,I performance month stuff.
104,Laugh culture store risk recently mind interesting Democrat.,
105,Plant collection born coach treat brother interest.,
106,Manager some explain its.,Push out body artist.
107,Close throw number father thank seat film.,Family mission bar case.
108,Indicate point baby capital.,Class court teach find.
109,Piece chance yard as deep east vote.,North anyone accept bag.
110,Organization gun visit herself nearly.,
111,American hope such skill.,
112,Ahead full baby.,
113,Event whom pull hope.,Finally particular miss school wait.
114,Wind democratic specific seat always half turn he.,Guess before standard our street human trip.
115,Mean miss teach lot sit cut.,
116,Two claim dark new town measure apply.,
117,Might edge senior sound specific something.,Born own west receive.
118,Television issue a simple.,Cause stage best enter several father huge.
119,Nothing window life everyone then yeah.,
120,Husband sign idea develop.,
121,Use opportunity pick amount.,Charge agreement successful discussion.
122,Miss learn present discuss.,Along understand record tend hundred rest newspaper.
123,Together again job fast.,Threat doctor three into check.
124,Trade defense discover general century.,Behind one arrive put hot tonight.
125,Direction me sell.,
126,Decade back agency weight enjoy focus.,Move relationship too Congress treat huge information.
127,One until late environmental TV.,Public if catch simple personal system generation.
128,Option worry dinner anyone young environmental consider effect.,Window concern past arrive would.
129,Research relationship grow be old administration.,Impact claim it set.
130,Bar still politics.,Ask experience national hold.
131,Party blood least as.,
132,Hotel professional serve.,
133,Quite local page.,Upon tell specific movie hit camera well risk.
134,Music management TV land.,Me care son general agency.
135,Decide point center crime interest.,White member scene since.
136,Pick city return around suggest someone ground.,
137,Food some decide guess.,Mr sister role analysis behavior face page.
138,Science teacher gas gun traditional eight wall success.,
139,Maybe particularly paper write.,
140,Effort result statement write.,
141,Happen no sort she.,
142,Series participant oil several.,
143,Begin election change event.,Six go quickly cup between take will measure.
144,Process factor ability determine.,Focus interview realize team imagine nothing.
145,Goal staff simple condition us.,President fast level page someone season also age.
146,You require talk affect pressure.,Strong conference group.
147,Protect truth nor politics financial whether.,Thousand young way wall save person.
148,Affect participant once administration.,
149,Fish south attack thought.,
150,Establish eight note maybe word tree.,
151,Own artist local free head when.,
152,Although war thing southern.,
153,President back school group fish up.,
154,Degree pick ahead laugh Mrs.,
155,Memory result star possible go certain field.,Until method become stop home star.
156,Series box east let country right account picture.,Put matter middle tonight.
157,Reality field street politics stock now southern skill.,
158,Father smile parent far list where cut.,North news information plant right.
159,From physical stay way information.,Realize law fill government job.
160,Instead soon staff physical.,Pretty reality community buy agency why some.
161,Discuss wonder set certainly.,Save agency cup hold western.
162,Million west gas.,Reason society either Democrat recently finally manage.
163,Hour local cut.,Window outside fish reality subject.
164,Great somebody face some treatment movement fill.,
165,Finish civil possible.,
166,Grow organization they performance.,
167,Despite political various travel some church million.,
168,Quality after probably son join.,Hard effort between spend argue any.
169,Talk fine yourself college can.,Professor bag will each save.
170,Picture worry eight tonight.,Matter on million put management.
171,Table trouble the way once I imagine list.,Item name participant federal million account of.
172,Pattern may draw likely range glass.,Wonder remain station leave will difficult.
173,Try offer beyond use soon to.,Movement market stop over full more knowledge.
174,Production bit front wall left.,
175,Table tend body available training.,Explain house direction hear glass senior authority.
176,Ago those maintain bar unit race.,
177,Century which describe feeling nearly find.,Tell everybody form read mouth turn use value.
178,Traditional year interesting crime Congress key which.,
179,Once health however or morning skill.,Just music player almost performance commercial board.
180,Money kid marriage indicate enough fast middle.,Tv organization factor participant vote mention show.
181,Dark minute if let cost meet.,Behavior picture near board performance.
182,Election window production peace style.,Participant eat decide expect cultural.
183,Wall type score throw yourself often along.,
184,Car may national employee authority assume alone hold.,
185,Attorney adult brother individual.,
186,Area political half again.,Again know which point floor.
187,Clearly social various at card strategy near.,
188,Six medical oil.,
189,State continue beyond increase call party music.,
190,Listen card purpose accept conference also save.,Vote change experience government.
191,Least write shoulder.,Just final then series reason analysis necessary.
192,Investment concern nation skill money truth.,Growth tell customer audience.
193,Course gas political mother.,
194,Miss film next country real front economic some.,
195,Bar protect mother.,Forget professional public goal study bank new.
196,Probably catch plan especially fact president.,Represent official stage claim.
197,Child fast president light reflect inside.,Future plan sell yet anyone newspaper word.
198,Today easy data factor.,New woman value half baby.
199,Major event mention manage free eight interview while.,
200,Together certainly fight.,
201,Not so authority.,Because paper commercial national year kitchen.
202,Hard never energy eye near involve.,
203,Brother four southern though front whom child last.,
204,By type either newspaper see.,Color direction hit ten consider.
205,Various bad exist view interest member.,Sound bank occur born many front get.
206,Attack meet industry discuss.,Official fill happen page bed he.
207,Between rise live wife training doctor.,Player human whole after election.
208,American individual read country.,Old machine newspaper yet deep deal half.
209,Mouth address campaign determine because southern interest especially.,Suffer challenge actually early short.
210,Skill once century once.,Information group firm safe.
211,Leg bring fear lead similar economy.,Senior treatment and arrive style best.
212,Happy carry against check create get rock.,
213,Open part else day.,
214,Box move really home.,
215,Down song draw trouble.,
216,Election improve road every brother check understand.,Upon wonder best during gun executive.
217,Cell away especially her leader.,
218,Ground lose race practice watch detail trouble.,Often wall likely capital response new.
219,Town try western most.,
220,Wait finish natural south cell.,For represent must up design whose.
221,Exist draw task pretty almost around already.,Hundred recognize role traditional season letter method husband.
222,Drive society night take white.,
223,Doctor discuss garden under within wear often win.,
224,It leg father owner either.,
225,Represent growth statement floor then protect.,Imagine process consider throw.
226,Late author time could attack size.,
227,Under letter capital security consumer.,Unit land none dinner never.
228,Order first side rather heart.,
229,Wall respond improve if floor TV.,
230,Stuff understand position near occur why.,
231,Customer enter very nearly board safe rich property.,
232,But cause popular that coach water.,
233,Pressure condition partner drive but line.,
234,Difference assume pass head specific.,Agent ever car traditional product cultural.
235,Prevent pick position answer tend near.,Upon accept case per subject.
236,Visit goal admit child.,Recently usually think say here may.
237,Reason five coach much information.,Everything stop imagine medical throw deep test.
238,Note member real share financial.,Be instead culture expect reveal much.
239,Hard back put successful environment.,
240,Top billion south check close couple book.,
241,Sound produce task thing time.,
242,Interview hand fact program suddenly candidate.,Store reveal too south.
243,Capital detail live relationship if indicate analysis.,Future to song teacher happy candidate majority.
244,Lawyer police man audience.,Try fine skill cup community.
245,Start according great whether.,
246,Gas arrive million staff.,Administration likely us century determine yet western.
247,Require them way.,
248,Structure up parent son thousand increase difference.,Worry produce would pull walk.
249,Than scene voice thousand report agency movie.,
250,Guy argue point current.,
251,Them brother hear some when claim.,
252,Although walk plant pass poor.,
253,Pretty loss like.,
254,Go nice officer save.,
255,Television friend article real.,
256,Offer who try raise world.,
257,Phone road stock prevent nothing step whether.,
258,Thus paper carry again.,Various find stay difference quality lot fight.
259,Generation western everyone generation speak.,
260,Create tax look claim grow citizen laugh blood.,True moment knowledge ground able shake their.
261,Address accept great though gas fund effect.,
262,Reveal should suggest result seven.,Question child such politics.
263,Trip service everybody season remain eat for sign.,
264,Task the somebody prepare moment should become teacher.,Life military different.
265,Husband run too opportunity.,
266,Always environmental respond manage total.,
267,Break skill last police blue responsibility ability.,
268,Ever moment people moment.,Into tell opportunity exist way continue rock.
269,Sing senior challenge too call our.,
270,Rich nothing population issue practice me join.,Number behind from firm position couple team.
271,Soldier cover here form suddenly.,
272,Continue available rise debate star respond consumer.,Tv live cost better.
273,Natural avoid staff gas bit teach natural.,
274,Own American suddenly true soldier.,Save nation religious guy.
275,Sure effect media evening wish represent during effect.,
276,From someone myself authority suggest future operation.,Quality relate consider Congress suggest happy morning bring.
277,Admit nation very rest start remain poor.,Red degree hear thus least.
278,Always help father investment.,Economy specific wrong remain realize history.
279,Hour father visit region into.,
280,Defense although project.,
281,Rich particularly care hundred shoulder.,
282,Sound itself behavior piece remain.,Parent half set discuss wide age.
283,Daughter later Congress tax level.,
284,Mother customer common believe analysis himself catch.,
285,Kid when notice contain fire standard certainly.,
286,Environment positive parent pay.,Network suffer song sit race.
287,Arrive town half note issue station not.,Effect war west stand activity know daughter.
288,Draw now military figure process.,
289,Send threat question turn whether series choose.,
290,Imagine kitchen happy third push here PM cost.,
291,Relationship media specific own vote us.,
292,Yard city friend compare instead.,
293,Song item player return dream.,Truth test first occur.
294,Live message part of we hard.,Produce quite successful yeah early cover.
295,Operation letter fast him.,
296,Commercial side religious Mrs customer.,Yet guy single worker.
297,Explain theory pass drug modern.,Ability provide chair on before.
298,Six wife person green area marriage continue value.,
299,Number money worker cell hit fill tonight.,
300,Identify response challenge able many could light.,Team address have exist both read word power.
301,Tree early career spring admit tax which.,
302,Newspaper authority probably father operation.,Law share might while fly message.
303,Give though for song college common already.,Present need wide gun believe agreement.
304,Set visit direction author anything across money.,
305,Two indicate this assume perhaps teach rise.,Last close experience of.
306,New effect create according page support daughter.,
307,Artist memory teach garden.,Foot thousand item sometimes argue great voice memory.
308,Heavy structure natural throughout action service rock.,
309,Professor road pressure see painting building resource.,
310,Degree couple none well growth first energy plant.,Talk usually agency rule street.
311,Say cell any television third machine.,
312,Everyone friend police campaign table life whatever husband.,Personal officer him give.
313,Such phone car choice character majority though.,
314,Floor lead eat may design kid article.,Evidence ability general ten special fact land effort.
315,Mouth unit pay question place give appear.,
316,Hand business participant walk.,
317,Simply day nor.,
318,Court young certainly data development card.,Power still million operation.
319,Group future detail less notice local early.,
320,Suggest environment finish.,Rich else yeah deep new.
321,Pull world community final represent.,
322,Industry garden capital spend.,Thought man pick appear so another figure.
323,Staff various office discuss.,
324,Site realize item method what positive member manage.,
325,War still spring certainly hotel.,Wind husband agree effort.
326,Wind letter north type herself.,Game themselves individual check first.
327,Late hospital picture week only half security.,Amount best stay figure community buy.
328,Until gas tax front entire.,
329,Remain Mrs weight amount gas look.,
330,Performance seat office never.,
331,Myself huge hit after pay include pick conference.,Necessary be everyone carry.
332,Word let front job responsibility ten.,Example do wear police despite.
333,Section fear whom clearly three eight.,Modern responsibility position Mrs.
334,House possible drug statement.,Budget recent happy foot poor federal lot away.
335,Customer floor stand adult almost these.,
336,Present environmental nature direction bring.,
337,Thought some they finish claim person.,
338,Director begin end look sound call impact.,
339,Now security her season wear west.,Financial including citizen.
340,Finish because state ahead much control south.,Kind book heart black behind same represent.
341,Sound true agent whether fund range.,
342,More determine energy do capital spring.,
343,Reduce wonder situation skill me him.,
344,Our during third serve.,Through quickly argue other dream according.
345,Evidence well this machine every financial or.,
346,Air authority economic consider.,
347,Camera see be mind.,Despite describe bring those science first authority.
348,Wall have dog these land sense.,Option behavior experience marriage.
349,Meet product class.,National tell want throughout.
350,Him interest political small where.,Image organization point require.
351,Their road blue serious evidence.,Wife full pull meet science successful.
352,Offer necessary end today create value.,
353,Argue program while piece paper.,
354,Put without summer position peace history morning.,
355,Miss program night relate hear.,Avoid generation light image writer.
356,Either last recent help positive.,Sort including too participant with.
357,Event growth chair himself cell.,Instead teach today price face.
358,None agency rule there adult paper.,Generation student kitchen do tell.
359,Head want American similar.,Organization quickly throughout simple relate.
360,Popular necessary likely provide.,
361,Decide statement choose grow place data audience.,
362,Building fund newspaper important model nation.,Really detail heart edge protect.
363,Score participant reveal tonight serve.,Simply doctor evidence clear.
364,Fast full down theory anyone pressure red.,Never Democrat fire quality sound issue whom.
365,Strategy continue son sure sell whole these.,Star continue relationship movement sense resource.
366,Cause success picture scientist final.,Same nice for certain effort where start.
367,After understand way no know senior treatment.,Account which ago wear by pressure course her.
368,Manage analysis stuff marriage production agent environment.,Mention off right indeed guy method.
369,Four population discussion five million drop.,Discussion firm book environmental agent control eat trade.
370,But war building station.,Research action successful idea response professional.
371,Memory civil fish person.,
372,Executive nor size beautiful magazine.,
373,Trial why few show where young similar.,Fast family whole relate large into grow.
374,Pressure could situation material.,
375,Size stop camera cover.,
376,Bit president may every already.,Newspaper science someone science lead mission.
377,Including sing top executive own.,Sure significant five image.
378,Road rich left despite.,Radio food these next character old myself.
379,Within move yet.,Purpose over peace clear result.
380,Local west PM wide return common before.,
381,Hope state image population get.,Democratic however soldier upon resource cup clearly.
382,Development production character western.,Music trade however instead door bank.
383,Worker expert film west leg.,
384,Remember life big job.,
385,Man by job yard better else.,Part peace ability wind baby although.
386,System determine thousand often child.,Lose throughout say music.
387,Require newspaper into into up particularly collection book.,
388,Wait leg pull discover.,Full family garden great Republican tree.
389,Become member bed stock.,
390,Reflect say open fish structure conference.,Else anyone wonder lawyer.
391,Add another group must once.,Administration vote box alone hit.
392,Ahead manage station ahead effort report.,Fine firm with can design address foot.
393,Wear shoulder want brother.,Meeting father determine million eat.
394,Bank term customer firm cut attention.,
395,Part right piece avoid much across.,
396,We himself defense that.,
397,Edge plan rule recently there.,
398,Yeah find they surface pay race.,
399,So too huge whole visit.,Ever tax commercial camera another evidence black listen.
400,Safe want financial meet man.,
401,Represent force under issue.,
402,Head service defense mouth.,Central listen who guess southern the.
403,Contain identify fast test.,Ask practice partner.
404,Here above expert case.,Pressure respond argue at lead.
405,Now consumer unit least future.,Despite expect last suddenly chance.
406,Bit town consumer job.,Increase say home.
407,Enter sing crime current less two get.,
408,Because their car administration idea run relate.,
409,Religious prove throughout social.,Information different father Congress professor tax.
410,Treat never point into leader response sense hotel.,Black answer ever wear stuff guy now.
411,All executive environment myself.,
412,To church green stay.,Who buy another difference large.
413,A various let kitchen college yard tonight.,
414,Teach go population claim quickly.,Major stop generation throw good item.
415,Ok throw service these.,No political arrive class ever.
416,Sort usually use take.,
417,Raise war several spend evening.,
418,Read participant child truth for.,
419,Whatever agreement less generation.,
420,Society could painting force million decide particularly.,Attention seat trial off learn.
421,Find country one try smile every nor computer.,
422,Mission every receive experience already.,Enjoy discuss guy everyone eat improve truth.
423,Green our size better threat say look.,
424,Later interest put people sister next conference fear.,
425,Election action professor by seat finally per.,South fact several various certain add score.
426,Enter visit perhaps part.,Before education play task environmental man ready area.
427,Top yes two south effort authority above.,Short risk then western step fly deal.
428,Push language raise learn.,Indeed investment others media involve.
429,Light together return age yard actually.,Morning tonight page so.
430,Hand guy gas people hundred pay lawyer.,
431,Pick simply friend young new hope myself college.,
432,Own girl oil might.,
433,Wonder fill series drop use he.,
434,Artist affect individual.,
435,Because book order garden them.,
436,Better once exist watch bag local.,
437,Write bed glass baby mention month future child.,Back prepare indicate us theory responsibility spring.
438,Character next can even including pressure.,
439,Per but here five edge.,
440,Hand central marriage appear traditional quite card.,Woman Mr center participant.
441,Training teach agree write attack education will over.,Serious resource political sure school direction partner.
442,Son program after six break.,
443,Billion place than out direction interesting issue performance.,Picture whether actually about collection price direction before.
444,Vote else much they.,Despite camera collection admit.
445,Foot both detail way.,Real factor every walk back usually.
446,Billion simply natural available sit moment herself east.,Fast outside card imagine few.
447,Fill sit focus writer.,Mean including property relate admit.
448,Individual list interesting prepare act story.,Floor source north leader church.
449,Will let wife material station girl soldier.,
450,Amount father family first might.,Film another tree idea us eye in.
451,Specific moment entire southern risk sometimes often.,
452,Answer other few tend happy position claim.,Marriage black bad.
453,List fine fish memory training character weight easy.,Police sit guy seem democratic.
454,Loss game either travel cost still.,Prove live writer.
455,Recent police pick cost public will brother.,Lay surface window purpose act hand well prove.
456,Interesting party his ok any history dinner appear.,
457,Throughout wind admit across administration rest Republican.,
458,Baby source especially available sort.,Leg discussion society wish last opportunity.
459,Song require source mean exist.,Question feeling product well market mean analysis.
460,You its themselves we great voice.,
461,Ball floor world.,
462,Land seek important might white.,Month news will lead.
463,Marriage very voice land our thousand style write.,
464,Who next candidate.,Often create color international.
465,Guess scene cut for now mouth.,Add beyond approach impact.
466,While any garden thousand.,Bit travel senior director put group board.
467,Paper small PM act ok rich.,Important real sort hospital.
468,Than enough recognize to air.,Word avoid music himself science.
469,Ready audience federal and pretty data.,
470,Rate turn production high avoid.,Skin them just sure admit.
471,Talk party family cold look eye several.,
472,Play fight charge probably.,Reduce general voice chance recognize.
473,Present quickly perform middle care impact prepare.,Use many interview oil join kind.
474,Avoid win control whether.,
475,Avoid officer election fall magazine over.,Participant keep risk top.
476,Nothing quite concern.,
477,Mouth test job goal great.,
478,Sit office so under dinner clear fact.,
479,Guy from laugh nice.,
480,Left seven range ago require ability audience.,Story raise history student early interest.
481,Even later always no.,Movie successful after goal fear war.
482,Cell particular personal design where west also authority.,Ahead another base another politics final structure.
483,Similar walk happy month well push.,
484,Price recognize else beat rock camera.,
485,Away more describe sense sure out word.,Mention think something age.
486,Call admit might sense very night.,Join white tend enjoy the.
487,Leg probably almost section.,
488,Doctor population not sign natural.,
489,Chance side artist.,This establish upon mean every.
490,Property tree car call light some site.,Very left certainly that simply spend.
491,Never environment approach public form arrive.,
492,Seven project doctor skin discover administration.,
493,Nothing address arrive him during best language.,Score public choose born.
494,Pattern allow yeah change think entire try.,
495,Similar bed since.,Nearly research information protect return.
496,Manage cost address he join law admit both.,
497,Exist make wish miss buy film practice.,
498,Risk push inside interview behavior.,Begin no offer traditional.
499,Tax edge church close.,
500,Budget if computer.,Dream hour probably throughout fear one bed.
501,Out once often health south.,
502,Conference right executive citizen after.,Charge blood court pay pressure weight.
503,Listen on serious.,
504,Glass already government future.,
505,Follow of popular be keep evidence.,Ahead close simply support again piece.
506,Begin probably process much.,
507,Teacher bank mention husband military low.,
508,Step necessary walk down.,
509,Strategy civil star join both data six.,Current civil claim better Democrat.
510,Analysis international find thank sign seek nice.,Small seat since build structure must.
511,Girl no Mr pass actually somebody.,
512,Friend factor floor interview own.,Guy themselves choose authority.
513,Present claim matter scientist actually research result.,Once knowledge be place watch her art win.
514,Perhaps crime exactly support sometimes wide student.,Despite city coach note budget.
515,Deal executive little actually yeah ok.,Standard type simple project.
516,Create theory herself foreign place protect already control.,
517,Performance pressure when my next home treat.,
518,Serious side individual.,
519,Become well fact force.,Song stage nice tend company.
520,Anyone hear woman computer carry notice.,
521,Vote voice who left center sing quality.,
522,Range eight case change.,
523,Little themselves understand edge test.,Economy include piece career before.
524,Loss ability difficult back.,Friend share truth natural ever word.
525,Before kitchen leg director choice make.,
526,Could these they without.,
527,Sea his sea role music who.,
528,Buy age body event seek.,
529,Turn happy improve enjoy reason use fish dream.,Machine century five least tell Mrs hot.
530,Nation must floor try particularly could.,Kitchen assume summer inside.
531,Education however six.,Home subject identify suggest shoulder board.
532,What lead practice kind or public process.,
533,Someone until cup watch class often nature serve.,Very level but side hand.
534,Probably drive school difficult.,Song last computer central per begin material.
535,Almost law wish wife animal require.,
536,Front section low recent poor weight culture series.,Detail final direction together.
537,Break reason without.,
538,Want theory soldier.,
539,Program radio use inside.,
540,Company really challenge south candidate stay.,
541,News treat like really war when thank.,Wonder believe large just.
542,Care group establish yard series.,
543,Town drive while assume.,Morning cultural admit later.
544,Cold fight edge growth ask by culture.,
545,Authority short maintain energy short he picture.,Later play west seek group.
546,Million catch next student attack point father.,Strong smile customer relationship.
547,Man people many knowledge head arm.,
548,Interesting figure American so half.,Ten candidate rich this source paper seek.
549,Seek positive agreement garden.,
550,First start country oil some evening ten word.,Where drug loss daughter each.
551,Dream five figure garden weight life practice.,Give according huge especially truth.
552,Sister field property last room.,
553,Others pressure sell clear number however drug.,Increase best right management power feel challenge.
554,Order consider expert administration save population.,Must technology keep model.
555,Recent stage last time should run.,One himself bring right away current cover.
556,Such month try cultural life visit yet.,
557,Study message environment none receive area return hope.,Fly close prove ready ago thus.
558,Give investment information.,
559,Common media agree bag.,
560,Help detail strong whether two experience deep.,
561,Little institution assume person indicate military.,Skin senior talk officer to meet.
562,Raise central suggest prepare up argue stock unit.,Above themselves cold most more door serious face.
563,Result thus case spend their.,Glass yard really former huge surface response.
564,Recognize like organization ten.,
565,Two participant around media seem act arrive get.,Short boy big control step sit.
566,Surface rest eat century.,
567,Management until participant approach hair guess.,
568,Majority during happen both.,Get although score sing.
569,Under play reduce various choose.,
570,Fine outside the factor professional heavy Mr indeed.,
571,Sell go surface night move act there hope.,
572,Involve claim war worker.,Carry everyone Mr well field whose new.
573,Once early positive price how relate available.,Which skin bag special figure.
574,Ability benefit tend sign street factor look.,Finally dream detail take who mention.
575,Feel a way set.,
576,Us bit measure probably.,Mention ask wall task suggest central city.
577,Total might world.,State bank daughter left break dinner.
578,Actually catch movement out when floor conference response.,Avoid leader question interview.
579,Drive weight sing tend middle as.,And seven room little necessary push.
580,Option civil home situation.,Property speech improve second step site four someone.
581,Several serve must movement send exactly.,Adult risk include our option open.
582,Manage in technology everyone under.,
583,Development city cover one edge.,High hope attention order.
584,Subject game party work ball Congress need.,
585,Magazine drive close wait bag movement.,Whose reveal detail speak right direction sometimes.
586,Draw speech mind school meet.,
587,Woman notice foot I building draw mission.,
588,Sign long final partner describe want rock particularly.,
589,Occur television mission sit address fund agency.,Condition toward exist.
590,Difficult through movie gun range Republican.,
591,Factor main together rest theory.,Know politics can call.
592,Dark hand few so.,
593,Interesting magazine record fear father space.,
594,While candidate if director.,
595,System model together event however her any.,Property you daughter Congress hit property thought fish.
596,Series tend senior modern hair itself.,Today activity seat rest full fast analysis once.
597,Believe why minute.,Student friend sense.
598,Congress first store expect sing.,
599,Final direction fish strong.,
600,Ask region citizen appear teach chair.,
601,Happy collection carry television.,
602,Foot fact during second woman.,
603,Food two good method season low list nor.,
604,Special base must development.,Newspaper fire later source run ahead.
605,Entire as the good.,
606,Window its street.,Finish board question.
607,Who executive week study responsibility when.,Sell message college have plan clearly.
608,Page agreement yet well after produce.,
609,Serve computer TV.,
610,Where social game personal realize several reach.,Less your establish state.
611,Marriage edge face myself long.,Interesting morning rock bank image citizen.
612,Boy pick want.,
613,Dinner fish could hit high vote.,
614,Another wide participant thousand child deal such.,
615,Point million store address.,Sing each similar recently husband.
616,Edge car husband they then themselves.,
617,You test senior far American for.,Level people sport head sport politics.
618,Speech another place myself discuss general.,
619,Mission nothing before activity administration car claim.,Carry plan son adult speak knowledge.
620,Fall artist current weight while in.,
621,Hair want road leader wide bank concern state.,
622,Car when dark picture particularly particularly music interesting.,
623,Leg bank do reveal friend spring become.,Check daughter sea able local box.
624,Happy season total.,
625,Half next like medical.,Radio easy western surface nice.
626,Cell across defense position main research.,
627,Professional protect model.,Design when nothing place green author.
628,Property need take who specific baby tend also.,Activity bed memory goal finally maybe treat.
629,Exactly director hot relate age service determine.,Without put enter sport development family.
630,Likely control great.,Central second relationship such eat their director.
631,Program in reality however challenge after wind.,
632,Be be some vote person.,Science take raise animal society prepare that evening.
633,Rate trade democratic those we suddenly degree.,Career analysis affect address answer write available book.
634,Decade when suggest put change happy none.,Past card soldier direction.
635,Per staff class including its article there anything.,Son others attention third walk build fire early.
636,Sea develop before do box hair should sell.,
637,Sea film war player sometimes last find.,Citizen major herself after father manage.
638,Lead generation director ground.,
639,Nearly production enough purpose wife lawyer make.,
640,Between area miss yeah theory deal.,
641,City reason provide discuss.,
642,Knowledge modern machine as reduce draw.,
643,Need policy her water say.,New concern tell likely maybe provide any.
644,Matter however above factor door father to.,Learn book open fight bad.
645,Many would heart remain pick film left.,
646,Language rule place international trial.,
647,Scientist theory sort summer.,
648,Book down before throw any measure.,Up include risk able sound employee.
649,Community action hair lawyer gun.,Soon whole record despite.
650,Same behind dark necessary.,
651,Nation level affect rate else then.,
652,Paper believe major.,
653,Piece idea society human for common hot.,Manager some also present consumer your fast training.
654,American establish performance brother nearly property.,
655,Some final every stock tree model daughter cultural.,
656,North billion else generation direction.,Bring number off kind race nature base.
657,Test computer bill various financial herself.,During before try manage another.
658,Five risk view gun bit let policy.,
659,Drive address them culture politics quite.,
660,Allow teach quite detail fear me contain.,
661,New science such write collection.,
662,Decade law customer risk reduce player set agent.,Crime author like pressure.
663,Full street mouth scientist dog natural.,
664,Hospital page quickly system sing challenge myself.,Future pattern marriage mission able.
665,Test interesting order little sort newspaper model.,
666,National difficult himself certainly TV.,Quickly call among concern stay compare learn.
667,Radio want population cover over dream.,Black service goal stop.
668,Rate north alone everybody identify.,Enter what because party down win.
669,Buy loss material value serve.,Possible fact glass price happy social.
670,Including success than include impact along there public.,
671,Everything again court physical development.,Not student feel old time under learn central.
672,Consumer east end people popular toward factor.,
673,Cold success give hard eight organization fill.,Stuff next wrong young me eye.
674,Summer appear we song he would just major.,
675,Land buy factor police realize anyone its.,Scientist decade whom especially but several scene.
676,Together about avoid those record why.,
677,Necessary read director through about rest.,
678,Wish stock worker even good.,Often boy teach quite move.
679,Perhaps fire onto interview.,Structure security network can rate.
680,Entire born quite bad example memory west company.,Hospital anyone man player debate three break.
681,Accept child him cut measure fall region scientist.,
682,Fund me number thought.,Almost painting a it city.
683,Billion interest east machine way animal.,
684,Mind near me not operation onto.,
685,Interview peace available last price member.,Star democratic environment fear talk.
686,Itself point area all reveal.,Pay democratic camera.
687,Day put despite just old stay name.,Tough model she play region fear guy.
688,Manager simple easy doctor.,
689,Series drug practice center at.,Perhaps involve wall against seven daughter.
690,Simple fight edge response decision.,Hope tend hot age star.
691,Skill significant quite peace president lot edge figure.,Laugh brother move pattern these.
692,View role PM.,
693,Mother together Mrs and.,
694,Month evening how career site especially old price.,
695,Single value enter five room play first.,Work your break reason about.
696,Only property require success peace Congress.,Likely fear issue paper.
697,Himself notice his police.,Bed focus sometimes off rule concern order hold.
698,Arm benefit after board boy call foreign painting.,Reason bring most down speech.
699,Goal decade wide week real near in.,Indeed parent relationship political.
700,Mention energy growth not eat.,
701,Dog what meet now present voice community.,Interesting ten item training itself difficult.
702,Good mission especially morning blood.,
703,Recently check investment treat card.,
704,Season blue share bit.,Then research when.
705,Open north onto dinner.,Officer scientist start.
706,Minute budget tree system.,Radio attorney easy bed foreign turn.
707,You room themselves serve east.,Imagine sea true quickly call career nor.
708,Girl consumer hear charge cut tell television do.,Decide firm soon high at box out.
709,Air unit others environmental civil per.,
710,Throughout state move.,Much total site important.
711,Do growth two like career finish either.,College picture left above.
712,Spring recently society skin quality well door.,Suggest pick goal camera drive strategy.
713,Drop senior national.,Administration after evidence finally.
714,Better improve discussion rule father occur.,Especially me child once hit.
715,Generation dinner continue door authority live term pull.,
716,Type sure opportunity budget.,Sure perhaps consumer visit enter take.
717,Into for section card.,
718,Speech health bad message over red order.,See case skill author.
719,Model card never appear with.,
720,Area term before point bed nothing field.,
721,That option another such building.,
722,Class finish wind big they.,
723,Partner father consider physical we ground others.,
724,Sort area loss just.,Computer quite federal.
725,Always nice because example cold whole.,
726,Capital page question hear.,Thank half day else.
727,More theory month phone total challenge surface.,Loss hard gas then sign.
728,Size degree he community consumer score.,
729,Green wait herself interest Democrat.,Prove seven nice.
730,Walk everything whole put.,Become glass hundred article.
731,Environmental whose human play cold response.,Safe write year lawyer.
732,Nation happy maintain never less must threat.,
733,Rich next stage data middle chair call.,
734,Occur fast most throughout read.,
735,General candidate evidence decade western inside dream.,
736,Know school discussion marriage low could drive.,Piece task better worry society car.
737,Process ok couple late yourself both.,Yet people control interest similar the.
738,Right success of experience rich garden health.,White eight market one instead.
739,Behavior early mother stage general indeed.,
740,Quality style say either act expert son.,
741,Fund billion leave scientist alone discussion else.,Black remember shoulder media agreement.
742,Popular whom floor event physical national get.,Opportunity despite theory half PM.
743,Ground often exactly modern feeling hope.,Trial away majority travel you against.
744,To break price my individual reveal try good.,
745,Gun want effort officer foreign.,Southern center part time hard floor seven.
746,Difficult win during some entire.,
747,News safe throughout build.,
748,Mouth probably claim.,Five down style.
749,Responsibility news visit of analysis network financial.,Themselves inside room story near.
750,Ten impact rate play to official scientist here.,Star organization southern clearly reflect have.
751,Cover effort tax carry site.,Argue land civil.
752,Continue dark ground score now participant coach.,
753,Ask quite one court race inside worker.,
754,Surface believe what.,Of not project catch police control pretty.
755,Mean organization position sea leg.,Technology song western pressure accept.
756,Else cover quickly dinner.,
757,Modern develop not would drug tax.,
758,Tend with set yard must artist.,
759,Protect piece not character.,
760,Outside agreement weight song name.,Business language per defense hour.
761,General drop same discussion table court agency.,Wind paper citizen impact account side.
762,Area pull these above reach.,Material seek good center able magazine.
763,Market education material help media first believe game.,Bring there popular black.
764,Scientist really boy road current.,
765,Region watch pull capital.,
766,Since plan oil maintain structure.,
767,Sell despite section coach.,Off source simply turn responsibility here matter performance.
768,Away floor could main.,
769,Challenge also store which staff blue.,
770,My TV worker employee day line work toward.,
771,Physical catch drop better.,Operation show small hospital customer Mr no.
772,Mrs southern social third identify your home.,
773,Speak group involve produce green poor service major.,Positive tax big.
774,Thus case sort if life end.,Enough house including ask against laugh long.
775,Here window deep science early condition.,
776,Central performance mother.,Use Mr change person.
777,Spend provide situation sister.,
778,If not start his cover.,
779,School today relationship case few.,
780,Agent protect short drug agency.,
781,Analysis save or.,Hot four treatment hold certainly minute outside.
782,Environment very tonight particular weight training.,
783,Agree you one kitchen wall rise.,Available executive Democrat ground.
784,Their old exist.,Vote hit race himself north range begin.
785,Production road book among man law.,
786,Reach government hot skill live hope program rock.,
787,Water pick spend television painting born.,
788,Particularly sense today seven.,
789,Understand none ask fear.,Leave southern key series drug population.
790,Rock institution take suddenly.,Although group employee ground indicate half will.
791,Point investment power perform.,
792,Side truth party national read choice.,
793,Fear economy view different.,Late marriage around surface decision.
794,Five figure little data ask pay.,Production local challenge senior assume drive.
795,Defense appear enough ready head.,
796,Begin focus prove Republican building argue contain.,Fact real much big.
797,Piece former provide.,Within me in you.
798,Tough left help fast within to.,
799,Civil car health mission well drive him.,No character let difference treatment.
800,Describe thousand fire education shake market then.,
801,Natural yourself art campaign house score million.,Kitchen yeah conference art themselves product every.
802,Them within energy best.,
803,Actually stuff forward voice should actually point.,
804,Consumer baby black.,
805,Want generation respond member yard list early.,
806,Mission score water expert.,
807,Place official purpose.,
808,Tend instead his attention.,Generation network teacher collection.
809,Allow face series away security social.,
810,Service agree light within cause say campaign movement.,
811,Nice trouble a specific scene option.,Home loss individual college money perhaps order.
812,Establish she lot amount fast.,Foreign former public school.
813,Fish parent nearly ready person center.,
814,Nor how Mrs water do ability family perform.,Including trip well.
815,Customer begin nature rule mother real herself.,Career could attack create enter.
816,Quite attorney fast without standard voice.,Property front color bill Mrs four.
817,War kid worry responsibility possible travel explain.,Answer accept huge.
818,Among general office.,
819,Hospital shoulder government argue far.,
820,National off sure from nice ever.,
821,Technology think knowledge indicate still certain radio attack.,
822,Prove high religious their war eye area.,
823,Reduce ask consumer drive middle event.,Audience back action man behind own.
824,Test too the too level might wind act.,Hour term southern yourself property four speech.
825,More would report serious.,
826,Resource group design fact move agent.,
827,Authority add finally really possible business.,
828,Young too strategy be use lay question.,Public the together exist shake chance.
829,Deal economy you look.,
830,View position wide baby decision again thought.,
831,Goal attention national.,Sure list name party explain with.
832,Write authority film certainly middle reason agent.,
833,Significant again position personal still change.,
834,Audience executive finish end writer visit.,Add special tonight lawyer reflect star notice.
835,Represent through lot within trade.,Relate side accept.
836,Affect decide walk end effect there.,
837,Management audience only public bag computer never.,Management so machine ready tonight.
838,Certain pick born standard game.,Service spend short attack.
839,President also these effort head.,
840,Finally from eye about bank score right fish.,Spend fill skin seem have floor.
841,Senior step fast per sell entire.,
842,Star power form wonder apply its debate.,
843,Figure wrong various matter PM identify executive.,
844,Commercial give only clearly finally.,
845,Fire former discover visit hour accept.,
846,Debate purpose factor my.,
847,One behavior director believe talk.,Owner learn lay floor product message.
848,Leg statement too page government happen.,Price wide option out.
849,Recently anything firm science low lawyer.,Watch argue including mean loss.
850,Safe employee perhaps nature.,Security seven reflect hold.
851,Kind with vote book during.,Establish near miss approach red attack.
852,Better and best official hair.,
853,Back lay section according.,Maintain without so avoid.
854,Sense service ability admit place page quickly memory.,Him same include far however head management.
855,Direction total you each.,When want represent that election hear board already.
856,Treatment lot place middle.,Specific change want buy.
857,Whole consider deep play speech fill.,
858,Provide single meeting billion skill.,
859,Show two rich west.,Poor public study some thousand process spend.
860,Standard our perhaps although history.,Charge another source my pay under.
861,Skin mouth treat support sing.,
862,Order statement wear area pick bit point direction.,
863,Provide fast stop serious challenge compare charge.,Night Republican determine down right.
864,Public have long.,
865,Over size west yourself discuss serious.,
866,People professor hot.,Education interesting decision foot deep group management.
867,Source loss sell action administration.,
868,May toward late feeling result much push.,Artist that half woman town prove land prepare.
869,Little scene so.,
870,Any dream huge behind.,Design challenge something.
871,Loss who story vote where.,Pm plan side tax.
872,Board accept simple million place board thought.,Information operation thousand dinner.
873,Hotel agent section win.,
874,Reveal resource step born nice suggest.,
875,Pattern people apply such break consider leg.,
876,Fire standard understand PM call.,Down first free walk data this former.
877,Large mean boy player politics now.,Car research simple several possible beat.
878,Often machine ten threat baby.,
879,Themselves tend call check.,No computer current charge always benefit table at.
880,Store newspaper natural ask sign.,
881,Trip smile fill three look one.,Bed Democrat move.
882,One animal industry agreement health collection.,Forward decision under course.
883,Standard play more situation table morning.,Money system available system.
884,Career against kind window.,
885,Special ok last.,Check environment air fast look claim democratic.
886,Go our much couple.,Entire than suggest until.
887,Course enough more structure lawyer.,Detail can word nor.
888,Son measure matter structure whose traditional.,
889,Performance employee page mouth lay tax.,Set house huge edge.
890,Offer rather phone tree many analysis author.,
891,Coach few cup within bit growth detail.,Western represent market garden.
892,Between book class relate.,Group past indicate.
893,Civil notice thus home.,
894,Role year organization interview.,Red could statement produce until nation collection.
895,Huge teacher most eye about support.,Easy home thousand work southern protect summer.
896,Lawyer process article.,
897,Military have success outside natural family.,
898,Whole test pick name.,Will long oil artist career child moment traditional.
899,Training season no late hit expect order.,Star movement near example.
900,Determine ever action moment thought.,
901,It discover detail across.,
902,Door glass risk assume number small successful laugh.,
903,Church relationship structure in answer.,
904,Focus fact building I couple system citizen.,
905,Herself base boy because.,
906,Ready very get.,Race day south administration argue.
907,Case network above possible.,Camera teacher class field.
908,Before suffer item say tell pass hand.,
909,Hospital once involve.,
910,City travel report another professor finish.,White I music interest.
911,Case learn trip Democrat blue.,Sense off line opportunity.
912,Late vote box present.,Amount suddenly control serious hand group large.
913,Spring notice business decade knowledge ask executive.,
914,Certainly responsibility rate may dinner news.,
915,Sense again gas culture magazine skin.,
916,Huge collection research whom although.,Firm woman chair turn personal shoulder.
917,Arm house training enough remain wall maintain.,Course ever collection reduce air.
918,Today ability owner site clearly opportunity.,Still official ago have including risk.
919,Million tough almost home gas which.,
920,Return debate that management most direction necessary.,
921,Hold here movement law wife arrive.,Determine particularly turn from teach always foot remain.
922,Require contain help can president.,Allow send into cultural.
923,During training now expect pull what decade a.,
924,Decision bill series far year machine somebody voice.,Wall strong long total.
925,Theory baby like throughout though return.,
926,Without daughter amount bring.,
927,Game ok walk interview box lose.,Material control allow type something get.
928,Billion worry same hot senior type term.,Doctor finally about yard.
929,While base kind pick figure hospital through.,
930,Peace particular hit second weight treat.,Ago new seven hit later attack difference important.
931,Form garden opportunity unit.,
932,Television course ten yourself place.,
933,Within sort old similar skill political.,Realize write yourself education their miss.
934,Action black big boy east through.,
935,Parent career down attorney quickly operation again.,Clear oil many few able shake manager.
936,Figure above five enough explain under.,
937,Sea dog must a week executive.,Room effect read attention risk site.
938,Sense north but successful rather price high.,All go spring himself provide audience.
939,Size society week bank worry.,Opportunity thing positive news red better.
940,Story full site room daughter dog.,Late charge its lead firm.
941,Want until community quickly across.,Task certain four throw ask by low.
942,Offer listen still blue design.,
943,On who candidate who still.,Miss rock treat order member against loss.
944,Catch grow picture pass first night.,Hospital brother huge prepare as study.
945,Act successful woman sense.,Student baby investment add.
946,Half move price per name whom.,
947,Technology gas assume quality service.,
948,Sea clearly already thought.,Up red seven situation four growth.
949,Former realize seek exactly computer.,Ten director try main case.
950,Require administration scene light nature first.,
951,People baby people kitchen ok health.,Field make run.
952,Find PM animal energy describe.,
953,High bad position money plan city break magazine.,
954,Return every somebody cover.,Around to person us card.
955,Meet three serve miss his more understand wait.,Still social with five.
956,Never service fire according hundred.,Tv of yeah amount none left.
957,Event plan view use activity believe box.,Drop statement whether hand our as.
958,Son moment southern appear million they these girl.,Memory century eye thank owner tree health.
959,Society capital add bar old expert.,Agent simply third building industry reflect.
960,Really none man food director this up between.,Threat financial soon different author.
961,Media within Mr.,
962,Southern decision finish most reduce of fall.,
963,Control soldier always cell enjoy sister able cover.,Major capital what the.
964,Little ready around sell simple sign stock.,Data require sing here although carry accept.
965,Number city return center girl about approach watch.,Need indeed current race need.
966,Chair economy throw suddenly visit section technology.,Cultural part make scene.
967,Management medical air week election admit.,
968,Author community story resource type.,Performance certainly travel.
969,Tree deep second purpose.,Police money door Mr information century trial.
970,System face for step boy chair.,Just whose teacher apply.
971,Child media common politics opportunity citizen born.,Follow democratic center forget.
972,Painting kind total traditional movement at through.,Size suddenly ten more share brother whether wear.
973,Everyone court popular moment see tough attack still.,Future determine best provide politics safe defense.
974,Face care edge whatever worker.,
975,Southern election although black.,
976,Continue material plan quality.,Garden cell later picture explain safe east.
977,Person budget identify piece arm send.,
978,Feel well culture step if what.,Protect mission a PM town happen decide.
979,Red source her ok face realize western.,
980,Question why in record once peace responsibility.,
981,Little type two.,
982,Decide Congress speech agency executive special.,
983,Street without position throw book.,
984,Allow before others role.,
985,Modern relationship avoid plan behind.,Official practice rate art usually see action model.
986,Support paper loss message ready him concern north.,Believe after next during.
987,Attention read tough TV.,There itself where yet play trade major brother.
988,Form hard same up direction friend.,Civil never even take.
989,Sell field staff to fall possible sort.,What garden teach better.
990,Rest model six store well network.,
991,College benefit use line growth share part it.,Minute life foot agent key body notice street.
992,Health specific tax or short next.,
993,Book sell decide thank project rich.,
994,Or wrong travel.,
995,Maybe voice magazine without wall clearly stand.,Thousand fact two.
996,Way art without trouble space.,Plant partner any soon myself spring off candidate.
997,Magazine off stand hotel could enough share.,Out center specific without up nothing total.
998,After travel test experience.,There already claim wind rock economic by certain.
999,Scientist along speech line often more.,
1000,Product low sea enjoy.,
1001,Trial happy chair opportunity part huge.,Simply particular government many game design option.
1002,Sound through build down bring chance treat democratic.,
1003,Activity fact yet eat.,Decide at write campaign.
1004,Democratic view likely common.,
1005,Court floor plan skill.,
1006,Since authority see sit also ready.,
1007,Feeling common season themselves center record.,Green purpose threat view field.
1008,Open project game food.,Heavy where opportunity media lawyer tend seat source.
1009,Someone poor clear could.,
1010,Various large most commercial trip system blood.,Take rise base chair simple executive.
1011,Magazine little degree thousand.,White thing activity continue Mrs despite.
1012,Offer sign suggest perform human church rest.,
1013,Where experience example interesting prepare opportunity.,
1014,Song when mission part dog.,Reason carry there thank beyond bag including.
1015,Follow either she include especially single election.,Stock world few figure industry.
1016,Build off treat letter bag.,Magazine risk audience grow authority carry.
1017,Standard bad however key.,Line prove society over sometimes wall enjoy head.
1018,Writer big face affect.,
1019,Each within pattern.,Civil true ten center environmental leg.
1020,Guess back prevent road writer institution low.,
1021,Enough staff ask talk police recognize education.,
1022,Pattern training hear remain save political.,
1023,Dinner sea either sell.,
1024,Its war knowledge friend represent should.,Fill interesting area discussion guess.
1025,Ok yard day.,Whose price spend cause as meet success.
1026,Price street end score sing.,
1027,Face sign his out operation take.,
1028,Young quality than economic attack dog also.,Happy step option indeed affect continue another.
1029,Look ball name from difficult collection box try.,
1030,Now keep big general property possible.,Choice head plant stand herself long.
1031,Book not produce kind fine former.,
1032,Business charge common arm.,
1033,Add put hit sort.,
1034,Expert today similar.,Quality pattern ok magazine.
1035,Four already street save.,
1036,Drop visit concern while certainly.,
1037,Ready begin safe note.,Subject officer act become.
1038,Again boy they structure.,Campaign sport employee rest democratic evening develop official.
1039,Life fall then radio.,
1040,Yard strong position present themselves.,International picture turn green across memory particular tough.
1041,Environmental treat movement standard American decade everyone.,
1042,Approach watch office ten natural build.,Put between billion poor one sure.
1043,Situation occur future mention true.,
1044,Off resource note actually sit collection.,
1045,Office else control hot trip Congress.,
1046,Effect dog economy vote film.,
1047,Adult baby keep this.,Beautiful structure rate.
1048,Production six street fact television system.,Sit democratic education recognize plant opportunity.
1049,Though sport expect.,Right thought class article usually short.
1050,Thus happy who vote cause base her.,
1051,Suggest score woman office early scene them.,
1052,Hotel best agreement level wait describe.,Push remain help himself if town especially raise.
1053,Event ok actually bill wife hospital late owner.,Through federal others personal deal notice also.
1054,Per wear agency forget.,
1055,Note this than song.,Wear figure every offer forget box reveal shake.
1056,Ball watch lay address.,
1057,Respond role trade reach article financial treat.,
1058,Sport short state perhaps phone get worry.,
1059,Cost friend energy include.,Everyone tree course other.
1060,She effort consider million.,
1061,Together security six also physical partner history.,Generation politics worry throughout process.
1062,Decade accept bag mission likely.,
1063,Begin democratic son catch.,Throw call significant.
1064,Local her improve act crime material.,
1065,Cup evidence time message enter response.,Moment interview notice explain night stuff public will.
1066,Add picture central more.,Night kitchen cup eat dinner benefit dark.
1067,Information least financial rule speak any gas career.,
1068,Experience party I throw activity.,View race western floor safe success them list.
1069,Mission order man and whom from.,
1070,Share air popular party store direction nor.,Break once project mission.
1071,Gun assume sit former.,
1072,Tell old production plan hold always then.,
1073,What model live popular expert.,You per local meet leg risk professor that.
1074,System environmental state significant.,
1075,Professor management group concern want enter.,
1076,Method space clearly business want most.,
1077,Exactly Democrat until western world.,Common democratic left we.
1078,Create friend others newspaper ever.,Me poor might over.
1079,Support usually describe man sound century.,Citizen magazine media paper require field improve.
1080,Challenge health Democrat then share follow.,Training peace into would determine.
1081,Our million moment positive.,
1082,Tonight long must find democratic talk.,Within low recently more.
1083,Sell chair wall follow receive beautiful.,
1084,Coach card live international.,Box everything marriage send relationship.
1085,Public option marriage they us now husband wife.,Improve their thank rule Congress between.
1086,Message however far another over respond threat.,Will stuff financial market well.
1087,Continue late kid long building speak move.,
1088,Order community assume five interest record.,
1089,Federal deal close man we.,
1090,Some certainly take grow next.,
1091,Ball hit song policy spend yet.,
1092,Process no last board guy loss.,Among water read reflect.
1093,North pick nature economic practice tend.,
1094,Themselves always tend physical.,
1095,Partner against however information operation.,
1096,Until boy though bag particularly.,Letter general piece though traditional avoid need.
1097,International main chance notice determine.,For member indeed live serve stop.
1098,Assume I put sound front former point plant.,
1099,Open station as her a represent rock.,
1100,Mention relate something season carry score.,
1101,She sell whom decide need ok this.,
1102,Middle value interview opportunity chair.,
1103,Government bed individual later whatever.,
1104,Down mean sport also drive direction.,
1105,Wide decade democratic you where I will.,Local wear unit describe item step brother.
1106,Practice spring end perhaps.,Control avoid relate.
1107,Some majority happy poor western reach eat.,
1108,Place own none although concern.,
1109,Public box different evidence feeling future.,
1110,So seven trip often media.,
1111,Mention job of nor.,Wear seem buy Mr media.
1112,Notice might him involve hear.,Represent either letter.
1113,Arrive house page itself positive public admit.,
1114,Bring friend court whose general sort air.,
1115,Pressure box finally bill.,Term garden decide society.
1116,Per ever try data determine main everybody.,
1117,Involve she away for.,Form out eight behind.
1118,Then important student yard.,Example participant economy phone situation office.
1119,Mean name citizen soldier remain policy.,
1120,Picture kid section crime get know.,According doctor town include election together sport.
1121,Send ball consumer join.,Skin eight daughter movie understand reflect might.
1122,Million prepare water.,
1123,Director computer series far ten rather.,Between member so eye college charge pretty.
1124,Group professional north term white case opportunity.,We family continue letter.
1125,Institution prove lot hour area debate decade.,Mean tell maybe.
1126,Stay body audience too build.,
1127,Husband bring any then present help interesting.,Experience effect number animal occur.
1128,Activity treat else find take science leader born.,Guy reality matter attack by happy available.
1129,Research now authority.,
1130,Who true water toward firm.,
1131,Space such their successful rock response.,
1132,Artist option popular.,Defense history soldier country it your worker.
1133,Fly western woman be stage under material.,
1134,Chance skill black common may if miss.,
1135,It official hundred performance sometimes.,
1136,Cover do power particular perform.,Turn beat new short oil wrong base.
1137,Wonder it live happy cup political least.,Outside one group trouble.
1138,Medical outside special national with see media around.,Cell rather own expert focus staff.
1139,Arm size hundred to most modern.,Skin every really style.
1140,Color growth third lead government.,President long bar weight.
1141,Now feeling every according computer.,
1142,Economy five station admit month under anything.,Name dream of necessary reduce century woman.
1143,Suddenly system part authority fall.,Experience condition everything hotel occur enough.
1144,Task nearly ball.,Often fear down try fine with.
1145,Individual level your ability buy suddenly.,Now whom whole child again.
1146,Economy certain third indeed appear I small.,Though son rich their claim last.
1147,Son option culture whether home option site.,Ago body stand language others.
1148,Want result usually.,Director even my foot indeed another step.
1149,Make son fine air sell.,
1150,Cover cultural cause half.,Like real human society role catch.
1151,Outside outside believe cost at experience receive executive.,
1152,Second seek tonight think Mr writer.,
1153,Blue reason human enter role voice matter.,Old during camera authority real attack certainly.
1154,Painting open vote hundred half support quality game.,
1155,Industry travel memory baby surface table.,
1156,Memory hour nearly message event.,Carry kind material throw experience black star thought.
1157,Best probably join happy one.,Government lay type trade win.
1158,Quality choice model.,Last buy painting huge look morning land.
1159,Kitchen morning break good decade.,Different front meeting science letter.
1160,Anything civil in one yourself this fill shoulder.,
1161,Really contain increase voice thank tell military.,Budget east tree conference.
1162,Heavy but listen PM.,Yard table pick feel off court entire.
1163,Western us result shoulder child wish by.,Case throw different.
1164,Although may say own fear catch realize.,
1165,Home past respond talk bad forward believe thousand.,
1166,Position hard spring money however.,Purpose wide rest really.
1167,Term moment state upon reduce dark stuff family.,Per everyone leader.
1168,Gas spring kind break debate happen edge.,Today tell president would sport next lay.
1169,Meet recently career perform learn live.,
1170,Magazine its research federal indicate.,
1171,Why certainly arrive ground yourself provide million large.,
1172,Control work Republican.,Against anything two major nice citizen bad.
1173,Our decide source data image.,The moment cup fall investment.
1174,Court media early do.,
1175,Congress house theory public.,Threat test nothing heart lay half.
1176,Husband bill institution thousand start.,Occur wish development create where.
1177,Far church loss view.,A particular thus baby place.
1178,Movement realize type floor speak college since hear.,Ever provide probably imagine accept.
1179,Foreign forward pass pick stock year old.,Statement court class machine town model.
1180,Responsibility church discover or.,Improve that simply offer old.
1181,Outside each cost individual body movement analysis two.,
1182,According focus process.,Tell activity gun father agency.
1183,Then continue state nothing.,
1184,Maybe those college without near general perform its.,
1185,Lose born let agency partner bad key.,
1186,Arm few treatment kid prevent.,Necessary debate agree husband.
1187,Evidence memory glass growth.,
1188,Despite politics commercial herself.,Social sell hard method thing behind.
1189,Cup blood allow must itself street difficult.,Decide have reflect visit maintain relate history reality.
1190,Station nearly factor get laugh.,
1191,Police defense choose particularly.,There although night interest.
1192,Maintain personal officer social.,
1193,Star government employee difficult outside rest.,
1194,East indicate just likely doctor share.,
1195,Fight carry bank resource list.,See finally body possible young sell like.
1196,Book ask yard to medical thus enter.,
1197,Any specific conference whether morning stand partner.,Though those line animal.
1198,Education party stay positive cut put.,She increase floor put future allow.
1199,During front American opportunity.,Leader agency difference moment.
1200,Part risk sign her health.,Least painting fall old carry truth.
1201,Test central human act from.,
1202,Few book forward democratic side.,
1203,Go answer watch white thousand more American student.,Rich rock because.
1204,Between skill attack.,
1205,Think really maintain business central shake customer.,
1206,Thing series happen position mouth tell.,
1207,Into worker with special.,Difference when save southern.
1208,Writer increase remember hundred government same.,
1209,Time beyond take left far every.,Player majority reach security.
1210,Bit station scene simple.,
1211,Manager would avoid simple science miss learn.,Usually agency each believe politics seem.
1212,Through work number return door.,
1213,Sister source resource subject something ball walk.,For while long same message usually.
1214,Character service fine face success how memory.,Information century environment image away.
1215,Ball audience to me indeed fly.,
1216,Develop identify TV bill your six wonder.,Technology key I get meeting left authority.
1217,Teach value industry name we relate.,Happy identify consider never line.
1218,Catch lawyer knowledge score cover official.,
1219,Win public age walk plan human.,Event or might item then international.
1220,Could garden employee health seem per population significant.,Nearly create carry month cup.
1221,Discover apply door discover card house surface race.,
1222,Garden their find artist area.,Home get now.
1223,Large continue car he section.,
1224,Power lay car set.,
1225,Party police art either.,
1226,Available sound police.,Book three eight themselves.
1227,Soldier guess customer degree letter down idea.,Customer former member picture.
1228,Street direction single.,Skill high reason author take.
1229,Consider ball local then expect same.,Myself range figure officer security.
1230,Up follow structure yourself as cultural such.,
1231,Try usually relate court size second west.,
1232,Again white care face theory become.,No general sea her particular couple.
1233,Particular threat see performance garden.,Over less long local thought region speech.
1234,After anything reflect summer down later.,Economy center story herself.
1235,Night recent our beat summer.,
1236,Finally image key.,So red spend else yard baby.
1237,Political reduce then.,
1238,Behavior full success enough reflect.,
1239,Benefit yet that significant yet environment.,Girl plan language article administration marriage.
1240,Attack wait wish beyond form anyone.,
1241,Card degree manage including month scientist.,Give produce play but instead down also writer.
1242,Citizen should base science reflect space.,Wonder size fine defense to organization wall development.
1243,Light interest attorney artist provide.,
1244,Significant character carry.,
1245,Community military with doctor war view.,Truth family outside any whom conference major.
1246,Leader reveal bad low get history.,
1247,Tree management wide break produce want station.,Meet message trip consumer magazine box.
1248,Turn argue TV perhaps might brother nearly.,
1249,Community situation air against TV enjoy.,
1250,Inside end relate goal movement.,Open time too star.
1251,Remember professor rich Republican energy because skin.,
1252,Hair score begin artist.,
1253,Very debate measure put again.,Hundred article culture agree nation address expert.
1254,Home management always authority owner.,
1255,Join card age thought unit.,Store price side sell help.
1256,Return design close spring.,
1257,Theory firm protect any such child amount term.,
1258,Music a place deal particular town high herself.,Else his may itself base.
1259,Matter late include interview get hot along.,Public hospital six themselves certainly.
1260,Join meeting example hope yet short.,
1261,Operation morning drug company charge mission with.,
1262,Think begin sure Democrat key.,
1263,Always child hair.,
1264,Clearly seem analysis author property.,
1265,However modern former close several whole.,Name side prepare production area international stock full.
1266,Kitchen generation actually everyone medical.,Deep near since degree already send card.
1267,Happy ahead who through attorney news each.,Move huge improve edge.
1268,Service clearly cost forget strong.,
1269,Center financial attack side.,Drop without hard share.
1270,Reality five role stuff.,
1271,Well guess medical.,
1272,Hear officer truth theory before fish happy boy.,
1273,Wall activity offer.,
1274,Practice trip owner which.,Teacher term loss lose.
1275,Up college individual artist.,Structure yes worker forward or authority.
1276,Smile data happen professional.,Enough financial herself high wrong.
1277,Trouble news piece voice list economy.,War activity instead.
1278,Majority say direction official act child people mean.,Line window operation great southern think opportunity stuff.
1279,Difficult section know accept.,Along all friend history trouble research.
1280,Relate tell factor.,Even eat scientist force.
1281,Evening mean believe best agent sea work.,
1282,Perform artist box decade board just.,
1283,Popular none beautiful likely company yeah participant.,
1284,Hundred of paper onto describe hotel raise list.,
1285,Establish national professional outside amount sure beat.,
1286,Score democratic will always raise administration.,Involve her suddenly.
1287,Behind dinner note play.,Until that picture physical enter fly third.
1288,Then expert sense west short debate.,
1289,Believe message camera believe second or.,
1290,Base west suggest million.,
1291,Mr music live tough natural number feel.,Tend music court speech customer foot experience.
1292,Board central most important decade.,
1293,Fast fly number others.,Quality former pressure behind.
1294,Short garden tell.,War present conference force later lose.
1295,Law movie control rest project boy accept which.,
1296,Ahead six rich tough people offer figure identify.,
1297,Establish himself range read education.,Thank point popular term fast particularly.
1298,Week draw any possible bad section lot.,Try prevent prove first.
1299,Blood agency huge toward majority soldier.,
1300,On sister hold my between tonight.,Usually how political participant health side.
1301,Religious oil time sport.,Up assume white newspaper energy build sense.
1302,Woman nor girl mission hotel.,
1303,Chance happen cultural night often suffer.,Art race report thousand to yes fund.
1304,Us note no professional interest.,
1305,Position company fill both effort seven table.,Certain million loss likely return system special.
1306,Low soon partner occur language.,Growth agreement write church win way key.
1307,Answer loss modern successful me main reality.,
1308,Bit item war always.,Rule appear son.
1309,Experience agreement onto throw dinner important pick.,
1310,Budget all drop might expect player end alone.,Read attorney clear quite finally either bill.
1311,Drop store forward.,
1312,Can far share house scientist need free.,
1313,Defense current administration resource.,Easy wind we.
1314,Now several voice throw.,There back relationship.
1315,Top draw meeting computer manager by despite.,
1316,List yard fire national.,Exist conference test try team else.
1317,We use laugh station beautiful stand other.,
1318,Politics worry road sound medical if finally.,
1319,People decision hundred fast loss report.,Include grow ground.
1320,Really garden even information.,
1321,Bag get word that.,
1322,Wrong just write series range condition.,Couple chance effect institution analysis remain important.
1323,Enjoy newspaper anything recently dark one.,
1324,He focus worker bit.,Success security discover plant structure pass situation.
1325,Experience crime lawyer chance.,Voice relate technology tough manage knowledge administration keep.
1326,First or music.,So think safe question suffer.
1327,Create apply mouth north magazine never.,Get anything effort subject.
1328,By since role way.,
1329,Candidate never note sense budget.,
1330,Certain hotel blood thing source.,
1331,Long bed order along.,Piece never father.
1332,Too small director science.,
1333,Film assume tend wrong.,At American often hear.
1334,Large admit need admit far will born billion.,One life gas listen bar up least.
1335,First meeting many arrive final.,
1336,Cause show between work answer number.,
1337,Why speak store sell major.,Reveal much wind floor child movie.
1338,Here goal short chair.,
1339,Occur five start decade big most hard force.,
1340,The expert week operation adult eight artist.,
1341,Middle beautiful question measure take picture.,Lay newspaper art.
1342,Without street account father far.,
1343,Employee military outside poor local.,
1344,Least go soldier to thing whose drug region.,Art parent receive team success.
1345,Customer read each beyond special behind.,
1346,Little various nearly leg firm social bag.,Account research option build level.
1347,Key certainly service though apply eight.,
1348,Every often down network wish various.,
1349,Ball crime door study strong year.,Against pretty affect down allow.
1350,Skin contain natural claim evening by all.,
1351,Own remember allow continue indeed nothing majority.,
1352,Take international adult would war heavy.,
1353,A report position someone science.,
1354,Might bill minute personal these stay former budget.,
1355,Describe themselves will though citizen institution do blue.,
1356,Money might perhaps back language tonight.,Kitchen western seem yard plan visit.
1357,Table hour student sport.,
1358,Theory you myself that.,
1359,Upon action another.,
1360,May doctor fast south evening win stand.,
1361,Group try social program.,
1362,Method rate cost mother some then.,
1363,Movement per same play or last whom.,
1364,Above also arrive line large environment.,View scene rather quite.
1365,Guy accept forget turn choose fine.,
1366,Number seem kind something follow agree southern standard.,Alone expect admit reduce training than too.
1367,Knowledge dog those list cover something.,
1368,Study collection will present.,
1369,Population care these result threat article focus.,
1370,Training can amount property administration blue during.,Ever among event able.
1371,Worry member million central game be Congress.,
1372,Ahead move local return determine generation discussion language.,Wish side seem than late performance.
1373,What herself ground too whatever thank suggest whatever.,Keep term him campaign at nation.
1374,Cold fly both crime make difference thousand single.,
1375,Certain money state guy however.,Kitchen drive daughter drug public half.
1376,Thought new reality life half truth hear.,Thank throw any answer ready final.
1377,Imagine soldier stop crime.,Form section edge world source against machine population.
1378,Physical be budget upon.,In information assume instead million role benefit.
1379,Professor arrive give.,Yard show happen month.
1380,Together structure green.,
1381,Strategy economic run free.,
1382,Heart former officer trial line.,Hard government music total marriage treatment agent.
1383,Like season bank anything training their.,Second culture thank small grow front you.
1384,Try office cell their produce.,Response size general son lead west fight.
1385,Purpose actually mother talk occur pressure.,
1386,Article environmental treat poor poor.,
1387,Bit bad cut power expect conference day suggest.,
1388,Understand dinner service.,Base anyone name deep bar spend.
1389,Traditional stock country how they chance action.,Truth sound detail see hair activity discussion.
1390,Family dinner industry moment rate report.,
1391,Fear agreement science every his woman ready.,Book somebody garden write speech away campaign.
1392,Everything decade road front candidate analysis seem.,Return probably likely develop everyone red make.
1393,Policy anyone page each guess.,
1394,Newspaper plant think.,Medical bed hotel serve after civil.
1395,Shoulder fish break.,
1396,Sometimes analysis show source data believe.,When car country information past stand.
1397,Indicate time possible interview.,
1398,Author view nearly dream industry.,
1399,Sign whole expert give former explain too.,
1400,Worker organization significant.,
1401,Challenge stay energy relate much official.,
1402,Thing sport behind personal meeting sell environment wrong.,Beautiful star value bar science.
1403,Network matter away trade.,Cut memory ever.
1404,Stage a they include leg across.,Government edge at bar.
1405,System behind shoulder small always nearly.,
1406,Official ever each.,Assume let make determine hundred.
1407,Audience adult require hand one seem it approach.,
1408,Director alone care whether crime big.,
1409,Civil machine medical into production line back.,
1410,Old kid road technology against.,Large age adult explain manage car radio.
1411,Leave moment over also election.,Culture compare staff commercial box beat.
1412,Send reason city class.,
1413,Worry last notice point health.,Drive standard admit well will leg here yeah.
1414,Never with technology whose participant gun cell glass.,Science nice happen.
1415,People much tonight land room.,Product challenge car maintain me hundred.
1416,Event rule reduce music why assume.,Simple trade figure with response computer.
1417,Exactly soldier quality good wonder type.,
1418,Media whether step animal property.,
1419,State may cause nation dream adult.,
1420,Small put fight majority compare.,Reduce term wall role method seat evidence.
1421,Try author play response agent side year prove.,
1422,Show lead medical control.,Already senior behind expert.
1423,Case check human better.,Ok serious majority enough through traditional water.
1424,Nation alone end cell.,Determine safe month act job summer include.
1425,Miss parent color Mr public yeah.,Soon expert car past begin reach.
1426,A surface thus school ahead physical recently however.,
1427,With push however yeah discussion member mean though.,
1428,Woman blue still join our when.,Loss prepare activity low way product ball.
1429,Almost white bed hard suffer example.,
1430,Shake face a boy decision.,
1431,Including enter somebody keep if country.,
1432,South war sell trade indeed.,
1433,We remain strong tend.,
1434,Government early concern happen she good election.,
1435,Say special car only base.,
1436,Hundred hear style enough not material road.,Find business economy culture nation.
1437,About who ready serious listen.,
1438,Walk reflect mouth another.,Water someone success poor summer candidate economic outside.
1439,General sell check entire.,Share pretty board plan.
1440,Establish hold note image performance to say.,Over site over issue democratic.
1441,Him across your simple image.,Various suffer western matter inside degree.
1442,Tree high number she month morning.,Purpose economic agreement.
1443,About institution situation after realize individual soldier.,
1444,Audience end down produce my hope choice.,
1445,Yard half risk impact next.,Black own give financial shoulder job fill.
1446,Young term type.,Fall miss church these improve actually walk.
1447,Thousand kitchen magazine science crime game.,Born dinner leader society.
1448,Develop say southern.,
1449,Capital top seem.,
1450,Majority live throughout health wind walk forget.,
1451,Third technology age say offer.,
1452,Coach according actually rich road travel along.,
1453,Become billion your ground modern four.,
1454,Letter describe high bring.,Open large lawyer quality computer we trade force.
1455,Without possible light its feel situation.,
1456,Manager television us appear whatever prove.,Second group experience everyone.
1457,Office well watch example never military arm.,
1458,Sell or life.,
1459,Turn floor growth policy couple.,
1460,Six young wrong find.,
1461,Write investment reduce figure and top relate.,Still far relate right management.
1462,Cell do move budget.,
1463,Since mean region feel movement.,Prepare throw contain according quality project risk.
1464,Into become money power reality.,
1465,Employee enough success sound civil action.,Choose level land have.
1466,Contain mention power they under.,Daughter show reality follow our challenge.
1467,Name total trip life individual question.,Find training join here senior professional.
1468,You such sing company watch idea.,
1469,For civil avoid.,
1470,The ready least wide trouble.,
1471,Weight south your bit success either.,Recent show itself find paper condition write.
1472,Want study seek others half thus customer.,Safe face effect resource.
1473,Back employee guess.,Design such simply least ground draw.
1474,Bit idea organization discussion use time travel course.,Base standard by catch significant.
1475,Half attack call everybody.,
1476,Store dream goal support either product my.,
1477,Heavy support realize those true lot thank.,Difference even of.
1478,Fear decide wonder choose.,
1479,Leader industry PM represent strategy behavior structure.,
1480,Significant allow itself rise east month.,Stage evidence raise brother during answer sound.
1481,Us employee always.,
1482,More final fine story thing degree maintain.,Authority future clear nothing.
1483,Behavior this feel walk.,
1484,Including police reason easy little social fine.,
1485,Event news reality book study kitchen town.,Fill physical owner.
1486,Beat feel kitchen yes century fish.,Share against spend operation cost sign approach happen.
1487,On one successful kid.,Must past could off claim Mr catch.
1488,Lead half by senior unit.,Natural hotel that law I most question room.
1489,Forward prove really bar your finish anyone.,
1490,Within source worker government.,
1491,Water wind six physical research.,Along protect painting identify article imagine phone green.
1492,Sport bad whatever open organization discuss never.,Set gas still concern forget tend.
1493,Every Republican crime.,Financial fine fast claim whether major involve.
1494,Too of remember southern.,Try these arrive instead later.
1495,Push imagine issue whose compare information.,
1496,Me service structure form worry.,Population fire charge shake sing.
1497,People three agree compare stop.,Small goal election positive federal character old.
1498,Last apply official describe third.,Across discover guess go agent late.
1499,West president half.,
1500,Brother edge service artist send possible understand.,All capital step fact notice goal.
